bowler,1,2,3,4,5,6,7,8,9,10,11,12,13,14,15,16,17,18,19,20
A Ashish Reddy,0,0,0,0,0,0,0,1,0,0,0,0,2,4,0,3,4,0,2,2
A Badoni,0,0,0,0,0,0,0,0,0,0,0,2,0,0,0,0,0,0,0,0
A Chandila,5,0,3,0,2,0,0,0,0,0,0,0,1,0,0,0,0,0,0,0
A Choudhary,2,1,0,0,0,0,1,0,0,0,0,0,0,0,0,0,0,0,1,0
A Flintoff,0,0,0,0,0,0,1,0,0,0,0,0,0,0,0,0,0,0,0,1
A Kamboj,0,0,0,0,1,0,0,1,0,0,0,0,0,0,0,0,0,0,0,0
A Kumble,2,0,0,0,0,1,2,0,3,5,2,4,3,6,0,3,6,2,4,2
A Mishra,1,0,0,4,1,0,16,9,26,11,13,17,10,16,8,14,8,7,7,6
A Mithun,0,0,0,0,1,0,0,0,0,1,1,0,0,0,0,0,1,1,1,1
A Nehra,5,9,6,11,7,2,0,0,0,0,1,2,2,3,4,8,10,10,12,14
A Nel,0,0,0,0,1,0,0,0,0,0,0,0,0,0,0,0,0,0,0,0
A Nortje,3,4,3,3,4,5,0,1,1,0,2,2,1,2,2,6,4,4,10,3
A Singh,2,3,1,2,2,1,0,0,0,0,0,1,0,0,0,0,2,3,5,6
A Symonds,0,0,1,0,2,1,1,1,0,2,3,0,0,0,4,0,1,0,3,1
A Uniyal,0,0,0,1,0,0,0,0,0,0,0,0,0,0,0,0,1,0,0,0
A Zampa,0,0,0,0,0,2,0,0,3,2,2,3,1,1,2,6,0,2,2,3
AA Chavan,1,0,2,0,0,0,0,1,0,0,0,0,0,0,1,2,1,0,0,0
AA Jhunjhunwala,0,0,0,0,0,0,0,0,0,0,0,0,0,0,1,0,0,0,0,0
AA Noffke,0,0,0,0,0,0,0,0,0,0,0,0,0,0,0,0,0,1,0,0
AB Agarkar,0,0,2,0,1,3,3,2,4,3,1,0,2,0,1,0,0,3,1,3
AB Dinda,6,3,9,6,7,2,0,2,0,2,0,2,3,1,0,2,4,6,6,8
AB McDonald,0,0,0,0,2,1,1,0,1,0,1,0,0,2,0,0,1,0,0,2
AC Gilchrist,0,0,0,0,0,0,0,0,0,0,0,0,0,0,0,0,0,0,0,1
AC Thomas,3,0,3,0,1,0,0,0,0,2,0,0,0,0,1,0,1,1,1,1
AD Mascarenhas,2,0,2,5,1,2,2,0,0,0,0,0,1,2,0,0,0,2,0,0
AD Mathews,0,0,1,0,4,1,2,1,2,0,0,2,2,3,0,1,3,2,1,2
AD Russell,3,1,4,0,8,6,1,5,6,6,6,6,6,2,7,3,4,13,12,14
AF Milne,0,1,0,0,0,1,0,0,0,0,1,0,0,0,0,1,0,2,0,1
AG Murtaza,0,0,0,0,1,1,0,2,1,1,0,1,0,0,2,0,0,0,0,0
AJ Finch,0,0,0,0,0,0,0,0,1,0,0,0,0,0,0,0,0,0,0,0
AJ Hosein,0,0,0,0,0,0,0,0,0,0,0,0,0,1,0,0,0,0,0,0
AJ Tye,0,0,0,2,3,6,0,0,0,2,1,2,1,0,1,3,2,4,5,10
AK Markram,0,0,0,0,0,0,0,0,0,0,0,1,0,0,1,0,0,0,0,0
AL Menaria,0,0,0,0,1,0,0,0,1,0,0,0,0,0,1,0,0,0,0,0
AM Nayar,0,0,0,0,0,0,1,1,0,1,1,0,2,2,0,0,0,0,0,1
AM Rahane,0,0,0,0,0,0,0,0,0,0,0,0,0,0,1,0,0,0,0,0
AM Salvi,0,0,1,0,0,0,1,0,0,0,0,1,1,0,1,0,1,0,0,1
AN Ahmed,0,0,0,3,0,0,0,0,0,1,1,0,1,0,0,1,1,0,1,3
AP Dole,0,0,1,0,1,0,0,0,0,0,0,2,0,0,0,0,0,1,0,0
AR Patel,2,0,2,4,4,5,15,5,9,9,11,11,9,10,5,5,8,7,0,1
AS Joseph,0,0,0,0,1,1,1,0,2,0,0,2,0,1,1,4,2,4,0,2
AS Rajpoot,2,0,2,1,4,0,0,0,3,1,0,0,1,0,1,1,0,1,1,6
AS Roy,0,0,0,0,0,0,1,0,1,1,0,0,0,1,0,1,0,0,0,0
AU Rashid,0,0,0,0,0,0,0,0,0,0,0,0,0,0,2,0,0,0,0,0
Abdul Samad,0,0,0,0,0,0,0,0,1,0,0,0,0,0,1,0,0,0,0,0
Abhishek Sharma,0,0,0,0,0,0,1,1,1,0,0,2,3,2,0,1,0,0,0,0
Akash Deep,0,0,0,1,0,2,0,0,1,1,0,0,0,0,1,0,0,0,1,0
Akash Madhwal,0,2,0,2,1,0,1,0,0,3,0,1,1,1,1,0,4,0,2,0
Akash Singh,2,0,0,0,1,0,0,0,0,0,0,0,0,0,1,0,0,0,1,0
Anand Rajan,0,0,0,0,0,0,0,0,1,1,1,0,0,0,0,2,0,0,1,2
Ankit Sharma,2,0,3,0,1,0,1,0,0,1,1,0,1,0,2,0,0,0,0,0
Ankit Soni,0,0,0,0,0,0,0,0,0,1,0,0,0,1,0,0,0,0,0,0
Anureet Singh,0,2,1,2,1,1,0,0,0,1,1,0,0,0,0,0,1,1,2,5
Arjun Tendulkar,0,0,1,0,0,0,1,0,0,0,0,0,0,0,0,0,0,0,0,1
Arshad Khan,1,1,0,0,0,0,0,0,0,1,0,0,0,0,1,0,1,0,0,1
Arshdeep Singh,1,5,3,9,4,6,0,0,0,1,1,2,2,2,2,2,6,8,10,12
Avesh Khan,2,3,2,4,4,6,2,1,1,2,1,3,5,2,3,5,4,9,10,5
Azhar Mahmood,0,3,0,0,1,2,0,3,1,1,0,0,0,0,1,1,3,3,2,8
Azmatullah Omarzai,1,0,1,0,1,0,0,0,1,0,0,0,0,0,0,0,0,0,0,0
B Akhil,0,0,0,0,0,0,1,0,0,0,0,0,0,2,1,1,1,0,0,0
B Geeves,0,0,0,0,0,0,0,0,0,0,0,0,0,0,1,0,0,0,0,0
B Kumar,27,9,20,5,7,4,0,3,0,0,1,1,1,1,2,15,12,18,25,30
B Laughlin,0,0,0,1,1,1,0,0,0,0,1,0,0,0,1,2,0,1,0,2
B Lee,1,1,9,0,0,0,0,1,0,0,1,0,0,1,1,2,5,0,3,0
B Stanlake,0,1,0,0,0,1,0,1,1,0,1,0,0,1,1,0,0,0,0,0
BA Bhatt,0,2,0,0,2,0,0,0,0,0,1,1,3,0,1,0,0,1,0,1
BA Stokes,0,1,0,2,4,1,0,0,0,1,0,1,2,0,2,3,1,2,3,5
BAW Mendis,0,1,0,0,1,0,0,0,2,0,0,1,1,0,0,1,1,0,0,0
BB Sran,0,2,0,2,1,0,0,0,0,0,1,0,1,2,2,0,3,1,2,1
BCJ Cutting,0,0,0,0,0,0,0,0,0,1,1,1,2,2,1,1,0,1,0,0
BE Hendricks,0,1,0,0,0,0,0,1,0,0,0,0,0,0,1,1,1,2,2,0
BJ Hodge,0,0,0,0,0,0,0,0,1,5,1,5,0,2,0,3,0,0,0,0
BMAJ Mendis,0,0,0,0,0,0,1,0,0,0,0,0,0,0,0,0,0,0,0,0
BW Hilfenhaus,2,2,5,0,1,2,0,0,0,1,0,0,1,0,1,1,0,1,2,3
Basil Thampi,0,1,0,1,0,0,0,0,1,2,0,0,1,1,2,0,3,0,3,7
Bipul Sharma,0,1,1,2,1,0,2,1,1,0,0,3,0,3,1,1,0,0,0,0
C Green,0,1,1,0,0,1,0,0,2,1,1,0,1,2,2,2,0,2,0,0
C Nanda,0,0,0,0,0,0,1,0,0,1,0,0,0,0,0,0,0,0,0,0
C Sakariya,0,1,2,2,1,0,0,0,1,0,0,2,0,2,1,0,1,3,1,3
C de Grandhomme,0,0,0,0,0,0,0,1,1,2,0,1,1,0,0,0,0,0,0,0
CH Gayle,2,0,0,0,1,0,0,0,2,0,1,0,0,0,3,1,0,0,2,6
CH Morris,2,5,1,4,2,8,0,0,0,3,2,3,1,3,4,3,11,14,17,13
CJ Anderson,0,0,1,1,0,0,1,0,0,0,0,1,1,1,0,0,0,0,2,3
CJ Jordan,0,1,0,1,0,1,3,0,1,2,1,1,2,1,1,2,4,3,4,2
CJ McKay,0,0,0,0,0,0,0,1,0,0,0,0,0,0,0,0,0,0,0,0
CK Langeveldt,0,2,1,3,0,0,0,0,0,1,0,0,2,0,0,0,0,1,1,2
CL White,0,0,0,0,0,0,0,0,0,0,0,1,0,0,0,0,0,0,0,0
CR Brathwaite,0,0,0,0,0,0,0,1,0,1,1,2,0,2,0,1,2,0,0,3
CR Woakes,0,1,3,0,1,1,3,0,3,0,1,0,0,0,1,1,3,2,5,5
CRD Fernando,0,0,0,1,3,3,0,3,0,0,0,1,0,0,1,0,1,2,0,2
CV Varun,0,3,0,3,3,4,0,9,5,2,7,9,10,6,10,5,3,3,0,1
D Brevis,0,0,0,0,0,0,0,0,0,0,0,0,0,0,0,0,0,0,1,0
D Jansen,0,0,0,0,0,0,0,0,0,0,0,0,0,0,0,0,0,0,1,0
D Kalyankrishna,0,0,0,0,0,0,1,0,0,1,0,0,0,0,0,0,0,0,0,0
D Pretorius,0,0,0,0,0,0,0,0,0,0,1,0,0,0,3,1,0,0,1,0
D Salunkhe,0,0,0,0,0,0,0,1,0,0,0,0,0,0,0,0,0,0,0,0
D Wiese,0,0,2,1,0,3,0,0,1,1,0,0,0,1,0,0,2,0,5,0
D du Preez,0,0,0,2,0,1,0,0,0,0,0,0,0,1,0,0,0,0,0,0
DAJ Bracewell,0,0,0,0,0,0,0,1,0,0,0,0,0,0,0,0,0,0,0,2
DB Ravi Teja,0,0,0,0,0,0,0,0,0,0,0,1,0,0,0,0,0,0,0,0
DE Bollinger,0,3,0,6,0,2,0,0,1,0,0,0,2,0,0,2,1,4,8,8
DG Nalkande,0,0,0,0,0,0,0,0,0,0,0,0,1,2,2,0,0,0,0,1
DJ Bravo,0,1,2,2,1,4,9,4,6,5,4,7,8,10,5,13,12,37,14,39
DJ Hooda,0,1,0,0,0,1,1,2,0,2,1,1,0,0,0,0,0,1,0,0
DJ Hussey,0,0,0,0,0,0,0,0,0,0,2,2,1,0,1,0,0,1,0,1
DJ Mitchell,0,0,0,0,0,0,0,1,0,0,0,0,0,0,0,0,0,0,0,0
DJ Muthuswami,0,0,0,0,3,0,0,0,0,0,0,0,0,0,0,0,1,0,0,0
DJ Thornely,0,0,0,0,0,0,0,0,0,0,1,0,1,0,1,0,0,0,0,0
DJ Willey,0,1,0,2,0,0,0,0,0,0,0,1,0,0,1,0,0,0,1,0
DJG Sammy,0,0,0,0,0,1,0,4,0,2,1,0,1,0,1,0,0,0,0,1
DJM Short,0,0,0,0,0,0,0,1,0,0,0,0,0,0,0,0,0,0,0,0
DL Chahar,13,1,24,1,16,3,1,0,1,0,1,0,0,4,0,0,0,2,8,2
DL Vettori,0,0,0,0,0,2,2,1,1,3,6,1,2,2,1,3,1,0,3,0
DNT Zoysa,0,0,0,0,0,0,0,0,0,0,1,0,0,0,0,0,1,0,0,0
DP Nannes,5,3,6,0,1,0,0,0,0,0,0,0,0,0,0,1,3,3,4,2
DP Vijaykumar,2,0,0,1,0,0,0,0,0,0,0,0,0,0,0,0,0,0,1,0
DR Sams,3,0,3,0,1,1,0,0,0,0,1,0,2,0,2,0,0,0,1,0
DR Smith,0,0,0,0,4,1,1,0,1,2,3,2,1,5,0,2,1,0,1,2
DS Kulkarni,5,12,1,12,7,7,0,4,3,1,1,1,0,7,3,4,2,5,7,4
DT Christian,0,0,1,0,3,4,0,1,1,1,3,1,4,2,5,3,2,3,0,4
DW Steyn,11,6,8,5,2,2,1,0,1,0,1,4,2,1,3,7,15,6,13,8
FA Allen,0,0,0,0,0,1,0,0,0,0,1,0,0,0,0,0,0,0,0,0
FH Edwards,3,0,0,0,0,0,0,0,0,0,0,0,0,0,0,0,1,0,1,0
Fazalhaq Farooqi,0,0,1,0,1,1,0,0,0,0,0,0,2,0,0,0,0,1,0,0
G Coetzee,1,1,1,0,0,0,0,1,0,0,0,2,0,0,0,1,0,2,0,4
GB Hogg,0,0,0,1,1,2,1,1,1,2,1,2,0,2,2,1,2,1,3,0
GC Viljoen,0,0,0,1,0,1,0,1,1,0,0,0,0,1,0,1,0,0,1,0
GD McGrath,2,0,3,0,3,0,0,0,0,0,0,0,0,0,1,1,0,0,2,0
GD Phillips,0,0,0,1,0,0,0,0,0,0,0,1,0,0,0,0,0,0,0,0
GH Vihari,0,1,0,0,0,0,0,0,0,0,0,0,0,0,0,0,0,0,0,0
GHS Garton,0,1,0,0,0,0,0,0,0,0,0,1,0,0,0,0,1,0,0,0
GJ Maxwell,3,2,0,1,1,2,2,4,2,7,0,3,2,5,0,0,0,1,1,1
GR Napier,0,0,0,0,0,0,0,0,0,0,0,0,0,0,1,0,0,0,0,0
GS Sandhu,0,0,0,0,0,0,0,0,0,0,0,0,0,0,0,0,0,1,0,0
Gagandeep Singh,0,0,0,0,0,0,0,0,0,0,0,2,0,0,0,0,0,0,1,0
Gurkeerat Singh,0,0,0,0,0,0,0,0,1,0,1,2,0,1,0,0,0,0,0,0
HF Gurney,0,0,0,2,0,0,0,0,0,0,0,1,0,0,0,1,0,2,0,1
HH Pandya,0,5,0,3,3,1,4,2,4,2,0,1,1,3,8,8,4,6,2,7
HR Shokeen,0,0,0,1,1,0,0,0,1,0,0,0,1,0,0,1,0,0,0,0
HV Patel,0,1,1,1,5,3,3,5,6,3,4,5,5,13,7,10,5,17,9,32
Harbhajan Singh,5,5,1,7,4,8,12,13,8,12,12,13,6,12,5,7,8,6,4,1
Harmeet Singh,0,0,0,2,2,2,1,0,1,1,1,2,1,3,1,4,2,0,3,1
Harpreet Brar,0,0,0,0,0,0,2,2,6,0,5,1,2,1,3,0,2,0,1,0
Harshit Rana,0,3,3,1,1,1,2,2,0,0,1,0,0,0,3,2,1,2,1,2
I Sharma,3,13,7,19,9,6,2,0,2,0,0,2,4,3,2,2,3,3,6,6
I Udana,0,0,2,0,0,0,0,0,0,1,0,0,1,1,0,1,0,1,0,1
IC Pandey,2,0,3,1,4,1,1,0,1,0,1,0,0,1,1,1,0,0,0,1
IC Porel,0,0,0,0,0,0,0,1,0,0,0,0,0,0,0,0,0,0,0,0
IK Pathan,8,9,2,5,3,1,1,1,1,1,5,1,2,7,5,2,1,8,4,13
IS Sodhi,0,0,0,2,0,0,0,0,3,0,0,1,1,1,1,0,0,0,0,0
Imran Tahir,0,0,0,0,1,2,5,1,6,5,8,7,3,10,9,3,11,3,6,2
Iqbal Abdulla,1,3,3,2,2,3,1,3,0,0,3,3,4,2,4,3,1,2,0,0
J Botha,0,1,1,0,2,0,0,1,2,3,3,2,0,1,1,2,2,3,0,1
J Little,0,0,0,2,0,1,1,2,0,1,2,1,1,0,0,0,0,0,0,0
J Suchith,1,0,0,1,1,0,2,1,5,2,1,0,1,2,1,0,0,0,0,1
J Syed Mohammad,0,0,0,0,1,0,0,1,0,0,2,1,1,0,1,1,0,0,0,0
J Theron,2,0,0,0,0,1,0,0,0,1,0,0,1,0,1,1,1,0,2,1
J Yadav,0,1,0,2,0,0,0,0,2,1,1,0,0,0,0,1,0,0,0,0
JA Morkel,7,6,8,5,2,5,2,4,4,4,1,1,0,1,3,2,6,5,16,2
JA Richardson,0,0,0,0,0,0,0,1,0,0,0,0,0,0,1,0,0,1,0,0
JC Archer,5,2,4,3,1,2,0,0,0,0,3,2,0,2,3,1,1,4,11,4
JD Ryder,0,0,0,0,0,0,1,1,2,2,0,1,0,0,0,0,1,0,0,0
JD Unadkat,2,4,3,6,2,6,2,0,3,1,3,1,2,7,9,4,13,10,5,16
JDP Oram,0,1,2,0,0,0,0,0,0,0,0,0,0,0,1,0,0,1,3,1
JDS Neesham,0,0,0,1,0,0,2,0,2,1,0,0,0,0,2,0,0,0,0,0
JE Taylor,0,0,0,0,0,0,0,0,0,0,0,0,0,0,0,0,0,3,0,3
JEC Franklin,0,0,0,0,0,1,0,0,0,0,0,0,3,0,2,2,0,1,0,0
JH Kallis,0,1,1,4,2,10,3,4,4,0,5,0,5,0,2,2,4,10,3,5
JJ Bumrah,4,11,4,7,5,6,1,2,0,1,5,6,10,7,8,11,21,22,23,14
JJ van der Wath,0,0,0,0,0,0,0,0,0,0,0,0,0,0,1,0,0,0,0,2
JL Pattinson,0,2,0,0,2,0,0,0,0,1,0,0,0,2,0,1,0,1,2,0
JM Kemp,0,0,0,0,0,0,0,0,1,0,1,0,1,0,0,0,0,0,0,0
JO Holder,0,1,0,3,4,1,0,1,4,2,2,1,1,1,3,5,0,6,7,11
JP Behrendorff,3,1,5,1,1,0,0,0,0,0,1,0,2,0,0,0,0,0,3,2
JP Duminy,0,1,2,0,0,0,2,1,2,1,2,3,2,2,2,0,3,0,0,0
JP Faulkner,2,5,3,2,3,1,0,2,1,1,1,2,2,2,2,3,6,4,12,7
JPR Scantlebury-Searles,0,0,0,0,0,0,0,0,0,0,0,0,1,0,0,1,0,0,0,0
JR Hazlewood,0,0,2,4,4,4,0,0,0,1,0,1,0,1,3,2,5,1,6,1
JR Hopes,0,0,0,0,1,0,0,2,1,0,2,2,0,0,0,2,0,0,4,0
JW Hastings,0,0,0,0,0,1,0,0,0,0,0,1,0,0,0,0,0,1,0,0
Jaskaran Singh,0,0,0,1,0,1,0,0,0,0,0,0,0,1,0,0,0,0,2,1
Joginder Sharma,0,0,0,0,0,0,0,1,0,2,1,1,0,1,4,0,1,0,0,1
K Gowtham,3,0,5,0,0,2,0,3,1,2,0,1,2,2,0,0,0,0,0,0
K Kartikeya,0,0,0,0,0,1,0,2,0,0,1,1,2,2,1,0,0,0,0,0
K Khejroliya,0,0,0,0,0,0,0,0,0,0,0,0,1,0,1,0,0,2,0,1
K Rabada,3,6,5,10,5,4,2,2,1,1,4,1,3,2,9,10,6,16,18,12
K Santokie,0,0,0,0,0,1,0,0,0,1,0,0,0,0,0,0,0,0,1,0
K Yadav,0,0,0,0,0,0,0,0,0,0,0,0,0,0,0,0,0,0,1,1
KA Jamieson,0,1,1,2,0,0,0,0,0,0,1,1,0,1,0,0,0,2,0,0
KA Maharaj,0,0,0,0,0,0,0,1,0,1,0,0,0,0,0,0,0,0,0,0
KA Pollard,0,0,0,0,1,0,2,3,4,6,2,9,4,9,3,6,3,5,3,8
KC Cariappa,0,0,0,0,0,0,1,2,0,0,1,1,0,1,0,2,0,0,0,0
KH Pandya,0,1,3,1,6,4,1,7,4,7,10,5,5,6,2,2,3,3,1,4
KJ Abbott,0,0,0,0,0,0,0,1,0,0,0,1,0,0,0,0,0,0,0,0
KK Ahmed,3,5,7,2,5,4,2,0,0,0,3,1,2,2,6,2,10,6,10,4
KK Cooper,0,0,0,0,2,2,1,3,0,2,1,0,3,1,1,1,2,4,8,2
KL Nagarkoti,0,0,0,0,0,0,0,2,0,0,0,0,2,0,0,0,0,1,0,0
KM Asif,0,1,0,0,2,0,2,0,0,0,0,0,0,1,1,0,0,0,0,0
KMA Paul,0,0,0,0,0,0,0,0,0,1,1,1,0,1,1,1,0,0,0,3
KMDN Kulasekara,0,1,0,1,0,1,0,0,0,0,0,0,0,0,0,0,0,0,0,2
KP Appanna,0,0,0,0,0,0,0,1,1,0,1,4,0,2,0,0,0,0,0,0
KP Pietersen,1,0,0,0,0,0,0,0,1,0,2,0,0,1,0,1,1,0,0,0
KR Sen,0,0,1,1,0,0,2,0,1,1,3,0,1,0,0,0,1,0,0,3
KT Maphaka,1,0,0,0,0,0,0,0,0,0,0,0,0,0,0,0,0,0,0,0
KV Sharma,0,0,0,1,1,4,8,6,8,4,15,7,4,7,3,3,2,1,2,0
KW Richardson,0,2,4,2,0,1,0,0,0,0,0,0,0,1,0,1,0,2,2,4
Kamran Khan,1,1,2,0,1,0,0,0,0,1,0,0,0,1,0,0,0,0,1,2
Karanveer Singh,0,0,0,0,0,0,1,0,0,0,0,1,2,2,2,0,3,1,0,0
Kartik Tyagi,0,0,0,2,3,0,0,0,0,0,1,0,1,1,0,2,1,0,1,3
Kuldeep Yadav,0,0,0,0,0,0,4,10,8,11,4,9,1,7,8,9,4,9,1,2
L Ablish,0,0,0,0,0,0,0,0,0,0,0,0,0,0,0,1,0,0,0,2
L Balaji,1,1,2,3,5,3,1,1,2,6,1,1,8,6,2,4,2,5,5,17
L Ngidi,1,2,0,2,0,2,0,0,1,0,2,1,0,0,1,0,3,7,2,1
L Wood,0,0,0,0,0,0,0,0,0,0,0,0,0,1,0,0,0,0,0,0
LA Carseldine,0,0,0,0,0,1,0,0,0,0,0,0,0,0,0,0,0,0,0,0
LB Williams,0,0,0,0,0,0,0,0,0,1,0,0,0,0,0,0,0,0,0,0
LE Plunkett,0,0,0,0,1,0,0,1,0,0,0,0,0,0,0,0,1,1,0,0
LH Ferguson,2,1,0,2,6,6,2,0,1,3,0,4,2,1,2,3,4,2,5,2
LI Meriwala,0,0,0,0,0,0,0,0,0,0,0,0,1,0,0,0,0,0,0,0
LJ Wright,0,0,0,0,0,0,0,0,0,0,0,0,0,1,0,1,0,0,0,0
LMP Simmons,0,0,0,0,0,0,0,0,0,0,0,0,0,0,0,1,0,0,0,0
LR Shukla,0,0,0,0,0,0,0,1,1,0,1,1,1,0,1,1,1,6,0,1
LS Livingstone,1,0,0,0,0,0,0,0,1,2,0,3,0,2,2,0,0,0,0,0
Lalit Yadav,0,0,0,1,1,0,0,0,0,0,4,2,1,0,0,0,0,1,0,0
M Ashwin,0,0,0,2,0,0,4,2,3,2,3,2,4,2,4,1,5,0,0,1
M Jansen,0,9,0,3,1,0,0,0,0,0,0,2,0,1,3,0,0,1,0,0
M Kartik,2,0,0,0,2,3,2,2,3,2,4,0,3,1,1,2,0,3,1,0
M Markande,0,0,0,0,0,0,8,1,10,1,3,2,4,2,3,2,1,0,0,0
M Morkel,1,8,6,10,4,7,1,1,0,1,0,1,0,2,4,6,7,9,6,3
M Muralitharan,2,0,0,0,1,0,2,6,5,3,3,8,2,5,5,8,7,4,2,1
M Ntini,0,1,2,0,1,1,0,0,0,0,0,0,0,0,0,0,2,0,0,0
M Pathirana,0,0,0,0,0,0,0,3,0,0,2,0,1,2,3,1,3,9,2,8
M Prasidh Krishna,1,8,1,2,1,2,1,1,1,0,0,3,2,1,2,4,2,3,8,7
M Siddharth,0,0,0,0,1,0,0,0,0,0,0,0,0,0,0,0,0,0,0,0
M Theekshana,0,1,1,1,1,5,0,0,0,1,0,1,3,0,3,0,2,0,4,2
M de Lange,0,1,0,1,0,0,0,0,0,1,0,0,0,0,0,0,0,0,1,1
MA Khote,0,0,0,0,0,0,0,0,0,0,0,0,0,0,1,0,0,0,0,1
MA Starc,7,3,4,0,6,0,1,0,2,2,2,0,0,0,1,1,3,3,5,11
MA Wood,0,0,0,0,2,0,1,0,0,0,1,0,0,0,0,1,0,0,1,5
MC Henriques,2,1,3,1,0,2,4,4,2,8,1,3,2,2,2,2,3,0,0,0
MF Maharoof,2,0,0,2,0,4,3,2,1,1,0,0,1,1,0,2,0,6,1,1
MG Bracewell,0,0,0,0,3,0,2,0,1,0,0,0,0,0,0,0,0,0,0,0
MG Johnson,6,5,11,0,3,1,0,1,0,0,3,2,1,0,0,2,6,10,8,3
MJ Clarke,0,0,0,0,0,0,0,0,1,0,0,0,0,1,0,0,0,0,0,0
MJ Henry,1,0,0,0,0,0,0,0,0,0,0,0,0,0,0,0,0,1,0,0
MJ McClenaghan,5,9,1,7,4,5,0,0,1,0,1,0,0,1,5,6,4,11,6,4
MJ Santner,0,0,0,0,1,1,2,3,2,3,0,1,1,0,0,0,1,0,0,0
MK Lomror,0,0,0,0,0,1,0,0,0,0,0,0,0,0,0,0,0,0,0,0
MK Tiwary,0,0,0,0,0,0,0,0,0,0,0,0,0,0,0,0,0,1,0,0
MM Ali,0,0,0,1,0,1,0,7,0,8,1,4,4,5,2,1,1,0,0,0
MM Patel,2,8,5,6,7,1,3,3,1,2,1,1,5,1,5,5,2,3,4,9
MM Sharma,3,8,2,3,12,8,3,1,5,2,4,1,7,3,7,2,7,12,24,18
MN Samuels,1,0,0,0,0,1,0,0,0,0,0,0,1,0,1,2,1,1,0,1
MP Stoinis,1,0,2,0,3,2,3,1,1,2,2,4,2,4,1,1,5,0,0,9
MP Yadav,0,0,0,0,0,1,0,1,0,0,0,1,0,1,1,1,0,0,1,0
MR Marsh,0,1,0,0,4,1,1,1,3,2,3,1,3,2,3,2,1,1,6,2
MS Gony,1,4,1,4,5,3,1,3,0,1,1,3,0,2,1,3,2,2,0,0
Mayank Dagar,0,0,0,0,0,0,1,0,0,0,0,0,0,1,0,0,0,0,0,0
Mohammad Asif,0,2,0,0,0,1,0,0,0,1,0,0,0,0,0,0,0,2,1,1
Mohammad Hafeez,0,0,0,0,0,0,0,0,1,0,0,1,0,0,0,0,0,0,0,0
Mohammad Nabi,0,2,0,4,0,1,0,1,1,2,0,0,1,0,1,0,0,2,0,0
Mohammed Shami,9,5,18,5,8,1,0,0,1,1,1,1,4,1,6,8,10,12,18,18
Mohammed Siraj,7,7,7,6,5,4,1,1,1,0,1,2,5,3,6,1,8,11,12,5
Mohsin Khan,3,3,3,1,1,0,0,0,1,0,0,1,2,1,0,1,6,3,1,0
Mujeeb Ur Rahman,0,2,1,0,1,1,0,0,1,0,0,0,2,3,3,0,2,2,0,1
Mukesh Choudhary,5,0,1,0,3,2,0,0,0,0,2,0,1,0,0,0,0,2,0,0
Mukesh Kumar,0,2,1,1,1,0,0,0,1,0,0,1,1,2,0,4,1,4,2,3
Mustafizur Rahman,1,0,0,1,5,5,2,1,0,2,0,5,1,3,2,2,8,4,11,8
N Burger,0,0,0,4,0,0,0,0,0,0,0,1,0,0,1,0,0,0,1,0
N Rana,0,0,0,0,0,0,1,2,0,0,1,0,1,0,3,0,1,1,0,0
N Thushara,4,0,2,0,0,0,0,0,0,0,0,0,0,0,0,0,2,0,0,0
NB Singh,0,1,0,0,0,0,0,0,0,0,0,0,0,0,0,0,0,0,0,0
ND Doshi,0,0,0,1,0,0,0,0,0,0,0,0,0,0,0,0,1,0,0,0
NLTC Perera,0,0,0,1,3,2,2,1,1,0,1,0,1,2,0,0,1,8,0,8
NM Coulter-Nile,1,3,2,4,3,2,1,1,0,3,0,1,1,0,4,4,2,1,8,6
NT Ellis,0,0,0,0,2,2,1,0,0,0,1,0,1,0,3,4,0,2,0,2
Navdeep Saini,1,1,1,5,1,0,1,1,0,0,0,0,0,2,0,0,3,4,3,1
Naveen-ul-Haq,0,1,0,2,1,1,0,0,1,0,2,1,0,0,4,1,3,3,1,4
Nithish Kumar Reddy,0,0,0,0,0,0,0,0,0,0,0,0,1,0,0,1,0,0,0,1
Noor Ahmad,0,0,0,0,0,1,5,2,0,1,4,2,1,1,2,1,2,2,0,0
O Thomas,0,0,0,0,2,0,0,0,0,0,0,0,1,0,0,0,1,1,0,0
OC McCoy,0,0,0,0,0,0,0,0,1,1,1,0,0,0,0,0,2,1,0,5
OF Smith,0,0,0,0,1,0,0,1,0,0,1,0,0,0,0,0,0,0,0,3
P Amarnath,0,0,0,0,0,0,0,1,0,0,2,1,0,1,1,1,0,0,0,0
P Awana,0,2,0,3,3,5,2,0,1,2,3,0,2,1,1,1,3,4,6,0
P Dubey,0,0,0,0,0,0,0,0,0,0,0,0,0,0,1,0,0,0,0,0
P Kumar,15,2,12,4,5,2,4,2,2,0,1,2,1,1,1,4,5,8,7,12
P Negi,1,0,1,0,0,0,1,2,5,4,1,1,5,4,1,1,0,3,0,4
P Parameswaran,0,0,1,0,1,0,0,0,2,0,0,0,0,0,0,0,0,1,1,3
P Sahu,0,0,0,0,0,0,0,0,1,0,1,1,0,0,0,0,0,0,0,0
P Suyal,0,0,0,1,0,0,0,0,0,0,0,0,0,1,0,0,0,0,0,0
PC Valthaty,0,0,0,0,0,0,1,0,0,0,0,1,0,1,2,0,0,0,2,0
PD Collingwood,0,0,0,0,0,0,0,0,0,0,1,0,0,1,0,0,0,2,1,0
PH Solanki,0,0,0,0,0,0,0,0,0,0,0,0,0,0,1,0,1,0,0,0
PJ Cummins,3,6,3,3,3,3,1,2,0,4,1,1,2,3,6,5,4,5,6,2
PJ Sangwan,3,3,2,0,2,3,4,1,1,2,3,1,2,1,4,3,0,0,1,2
PM Sarvesh Kumar,0,0,0,0,0,0,0,0,1,0,0,0,0,0,0,0,0,0,0,0
PP Chawla,1,2,1,1,4,12,11,14,16,13,21,9,21,12,15,11,12,7,2,7
PP Ojha,0,1,1,2,1,1,10,1,7,8,10,6,13,2,6,4,8,6,0,2
PV Tambe,0,0,1,1,1,0,1,2,2,3,3,3,2,0,4,4,1,0,0,0
PVD Chameera,3,1,1,1,1,0,0,0,0,0,0,0,0,0,0,1,0,0,0,1
PWH de Silva,0,0,1,0,2,1,2,2,4,2,1,3,3,1,4,1,4,2,2,0
Pankaj Singh,0,2,0,2,2,2,0,0,0,0,0,1,0,0,1,0,1,0,0,0
Parvez Rasool,0,0,0,1,0,0,1,0,0,1,0,0,1,0,0,0,0,0,0,0
R Ashwin,7,2,8,7,11,14,2,11,8,12,13,14,14,12,9,18,5,8,1,4
R Bhatia,0,0,0,0,0,0,2,5,7,3,8,4,7,9,7,1,4,5,1,8
R Dhawan,1,1,0,0,2,1,2,0,3,2,1,2,1,4,1,0,1,0,0,3
R McLaren,0,0,1,0,2,1,0,0,1,0,0,1,1,0,0,1,0,4,0,0
R Ninan,0,0,0,0,0,0,1,0,1,0,1,0,0,0,0,0,0,0,0,0
R Parag,0,0,1,0,0,0,1,0,1,1,0,0,0,0,0,0,0,0,0,0
R Powell,0,0,0,0,0,0,0,0,0,0,0,0,0,1,0,0,0,0,0,0
R Rampaul,3,0,4,0,2,0,1,0,0,0,0,0,0,1,1,0,0,0,2,2
R Sai Kishore,0,0,0,1,0,0,0,0,1,1,2,1,2,1,0,2,0,1,1,0
R Sathish,0,0,0,0,0,0,1,0,0,0,0,0,0,1,1,0,0,0,0,0
R Sharma,0,0,0,1,0,1,1,4,2,5,3,7,1,3,4,6,2,0,0,0
R Shepherd,0,0,0,1,1,0,1,0,0,0,0,0,0,0,0,1,0,0,0,0
R Shukla,0,0,2,1,0,1,0,0,0,0,1,0,0,0,0,0,0,0,0,0
R Tewatia,0,0,0,0,0,0,3,1,8,6,2,1,3,2,2,0,0,0,0,4
R Vinay Kumar,1,5,3,10,5,6,3,0,3,2,7,4,1,3,5,3,7,6,9,22
RA Jadeja,0,0,0,0,2,4,17,5,21,11,15,12,16,10,18,5,12,5,4,3
RD Chahar,0,0,1,2,0,0,6,11,10,6,10,2,3,3,7,7,2,3,1,1
RE van der Merwe,0,1,0,1,1,0,0,3,0,0,3,2,1,1,1,1,0,3,3,0
RG More,0,0,0,0,0,0,0,0,0,1,0,0,0,0,0,0,0,0,0,0
RG Sharma,0,0,0,0,2,0,1,1,0,0,0,1,1,1,1,5,0,2,0,0
RJ Gleeson,0,0,0,1,0,0,0,0,0,0,0,0,0,0,0,0,0,0,0,0
RJ Harris,4,6,1,2,1,0,0,0,0,2,0,0,2,1,1,1,3,4,4,13
RJ Peterson,0,0,0,0,0,0,0,0,0,0,0,0,0,1,0,2,0,0,0,0
RJW Topley,1,0,0,1,0,0,0,0,1,0,0,0,0,0,0,0,2,0,0,0
RN ten Doeschate,0,0,0,0,0,0,0,1,0,0,0,0,0,0,1,0,0,0,0,0
RP Meredith,0,0,1,0,0,1,0,1,0,1,1,0,1,0,1,2,2,3,2,3
RP Singh,1,11,9,8,3,3,2,3,0,0,0,0,0,1,4,2,8,11,10,14
RR Powar,0,0,1,0,3,0,2,0,2,1,0,0,0,0,2,1,0,0,1,0
RR Raje,0,0,0,0,0,0,0,0,0,2,1,1,0,0,1,1,0,0,0,0
RS Bopara,0,0,0,0,0,0,0,1,1,1,1,3,0,0,2,0,1,0,1,0
RS Hangargekar,0,0,0,1,0,0,0,0,0,1,0,0,0,0,0,0,0,1,0,0
RV Gomez,0,0,0,0,0,0,0,0,1,0,2,0,0,1,0,0,0,1,0,0
Ramandeep Singh,0,0,0,0,0,0,0,0,0,1,0,0,0,1,0,1,0,2,0,1
Rashid Khan,0,0,1,2,3,8,10,12,8,6,12,8,10,14,16,13,12,9,4,1
Rasikh Salam,0,0,0,0,0,0,0,0,0,0,1,0,4,0,1,0,0,0,3,0
Ravi Bishnoi,0,0,0,2,0,0,4,5,6,3,3,6,4,8,3,12,3,4,0,0
S Aravind,1,7,0,5,1,6,0,1,1,2,1,0,0,3,2,2,3,2,5,3
S Badree,0,0,5,1,1,0,1,2,0,0,0,0,0,0,1,0,0,0,0,0
S Dhawan,1,0,0,0,0,0,1,0,0,0,0,0,1,0,1,0,0,0,0,0
S Dube,0,0,0,0,0,0,0,0,0,1,0,0,0,1,0,1,1,0,1,0
S Gopal,0,3,2,2,0,1,2,6,8,2,8,3,5,2,2,5,1,0,0,0
S Kaul,0,1,1,4,3,3,2,1,1,1,1,4,0,3,3,5,1,4,7,13
S Kaushik,0,0,0,0,0,0,0,2,1,0,0,0,1,1,1,0,0,0,0,0
S Ladda,0,0,0,0,1,0,0,0,0,0,0,0,0,0,1,0,1,0,0,2
S Lamichhane,1,1,1,2,0,0,0,0,0,2,0,0,2,2,1,1,0,0,0,0
S Nadeem,0,3,0,4,0,1,4,4,2,6,5,4,1,6,2,4,2,0,0,0
S Narwal,1,0,0,2,0,0,0,0,0,0,0,0,0,0,0,0,1,0,1,0
S Randiv,0,0,0,0,0,0,0,0,0,0,0,1,0,1,1,1,1,0,1,0
S Sandeep Warrier,0,1,2,2,2,1,0,0,0,0,0,0,0,0,0,0,0,0,0,0
S Sreesanth,3,9,4,3,1,6,0,1,0,3,0,0,1,0,0,2,2,1,2,0
S Tyagi,0,2,0,2,0,1,0,0,0,0,1,0,0,0,0,0,0,0,0,0
S Vidyut,0,0,0,0,0,0,0,0,0,0,1,0,0,0,0,0,0,0,0,0
SA Abbott,0,0,0,0,1,0,0,0,0,0,0,0,0,0,0,0,0,0,0,0
SB Bangar,0,0,0,1,0,0,0,0,0,0,0,0,0,2,0,1,0,0,0,0
SB Jakati,0,0,0,0,0,0,7,1,6,1,6,3,5,4,4,5,2,3,0,0
SB Joshi,0,0,0,0,0,0,0,0,0,0,0,0,0,0,0,1,0,0,0,0
SB Styris,0,0,0,0,0,1,0,1,0,0,0,0,0,0,0,4,0,1,0,1
SB Wagh,0,2,0,1,0,1,0,0,0,0,0,0,0,0,0,0,0,1,0,0
SC Ganguly,0,0,0,0,0,0,2,1,1,3,0,1,0,1,1,0,0,0,0,0
SC Kuggeleijn,0,0,0,0,0,0,0,0,0,0,0,0,0,0,0,0,0,1,0,1
SD Chitnis,0,0,0,0,0,0,0,0,0,0,0,0,0,0,1,0,1,0,0,0
SE Bond,2,0,1,0,1,0,0,0,0,0,0,0,0,1,2,0,0,0,2,0
SE Rutherford,0,0,0,0,0,0,0,0,0,0,0,1,0,0,0,0,0,0,0,0
SH Johnson,0,1,0,0,0,0,0,0,0,0,0,0,1,0,0,0,0,0,2,0
SJ Srivastava,0,0,2,0,2,1,0,1,1,1,0,0,1,0,0,3,1,0,1,0
SK Raina,0,0,0,1,0,1,1,2,1,3,2,3,1,2,2,0,2,1,0,3
SK Trivedi,0,0,1,0,2,3,5,3,2,2,10,4,5,5,3,4,3,5,3,5
SK Warne,0,0,0,0,1,0,4,6,7,3,3,4,4,5,2,9,2,3,3,1
SL Malinga,11,11,2,3,5,5,1,0,1,2,1,4,9,3,4,18,14,25,32,19
SM Boland,0,0,0,0,0,1,0,0,0,0,0,0,0,0,0,0,1,0,0,0
SM Curran,1,0,0,5,2,3,0,1,0,1,1,2,2,2,4,0,8,3,15,8
SM Harwood,0,0,0,0,0,1,0,1,0,0,0,0,0,0,0,0,0,0,0,1
SM Pollock,3,0,4,0,1,0,1,0,0,0,1,0,0,0,1,0,0,0,0,0
SMSM Senanayake,0,0,0,2,1,1,0,2,0,0,0,0,1,0,0,1,1,0,0,0
SN Thakur,0,3,0,4,8,7,0,2,1,2,5,3,4,0,10,6,9,11,9,9
SP Narine,0,2,2,3,11,9,2,4,7,7,15,8,12,13,12,13,15,19,12,14
SR Watson,2,6,3,9,5,9,1,2,3,0,2,2,1,0,5,6,8,10,10,8
SS Agarwal,0,0,0,0,0,0,0,0,0,0,0,0,0,1,0,0,0,0,0,0
SS Cottrell,2,0,2,0,0,0,0,0,0,0,0,0,0,0,0,0,1,0,1,0
SS Mundhe,0,0,0,0,0,1,0,0,0,0,0,0,0,0,0,0,0,0,0,0
SS Sarkar,0,0,0,0,0,0,0,0,0,0,0,0,0,0,0,0,0,1,0,0
SSB Magala,0,0,0,0,0,0,0,0,0,0,0,0,0,0,0,1,0,0,0,0
ST Jayasuriya,0,0,0,0,0,0,0,0,0,2,1,2,3,1,1,1,0,0,0,2
STR Binny,2,1,1,0,0,1,2,3,0,0,1,2,0,4,2,0,1,2,0,0
SW Tait,2,0,0,1,2,2,0,0,0,0,0,0,2,0,1,1,1,2,3,6
Sachin Baby,0,0,0,0,0,0,0,0,0,0,0,0,0,0,0,0,0,0,2,0
Sandeep Sharma,13,6,19,7,12,3,2,5,1,2,2,2,3,2,3,9,6,12,8,20
Shahbaz Ahmed,0,0,0,1,1,0,1,2,2,1,2,2,2,3,0,0,4,0,0,0
Shahid Afridi,0,0,0,0,0,1,1,0,2,0,1,1,0,0,1,0,0,2,0,0
Shakib Al Hasan,1,2,4,4,4,3,4,1,5,1,5,4,3,3,6,3,3,3,2,2
Shashank Singh,0,0,0,0,0,0,0,0,0,0,1,0,0,0,0,0,0,0,0,0
Shivam Mavi,0,2,1,4,2,0,3,2,1,0,1,1,1,0,0,0,3,2,6,1
Shivam Sharma,0,0,0,0,0,0,0,0,1,1,0,1,0,0,1,0,0,0,0,0
Shoaib Ahmed,0,0,0,0,1,0,2,0,0,2,0,0,0,0,0,0,0,0,0,0
Shoaib Akhtar,2,0,1,0,2,0,0,0,0,0,0,0,0,0,0,0,0,0,0,0
Shoaib Malik,0,0,0,0,0,0,0,1,0,0,0,0,0,0,0,1,0,0,0,0
Sikandar Raza,0,0,0,0,0,0,0,0,1,2,0,0,0,0,0,0,0,0,0,0
Simarjeet Singh,0,2,0,1,0,0,1,0,1,1,0,0,0,0,2,1,0,0,0,0
Sohail Tanvir,3,1,2,0,0,0,0,0,0,0,0,0,0,0,0,0,4,3,5,4
Suyash Sharma,0,0,1,0,2,0,0,1,0,0,0,0,2,2,1,0,0,1,0,0
Swapnil Singh,3,0,0,0,2,0,0,0,0,0,0,2,0,0,0,0,0,0,0,0
T Henderson,0,0,0,0,0,0,0,0,1,0,0,0,0,0,0,0,0,0,0,0
T Natarajan,0,0,0,4,7,4,1,0,0,3,0,1,1,1,2,5,8,10,11,9
T Shamsi,0,0,0,0,0,0,0,0,1,0,0,0,0,0,1,1,0,0,0,0
T Stubbs,0,0,0,0,0,0,0,1,2,0,0,0,1,0,0,0,0,0,0,0
T Thushara,0,1,1,0,0,1,1,0,0,0,0,0,0,0,0,0,1,1,1,1
TA Boult,29,1,18,1,9,4,0,1,3,0,1,2,5,1,1,2,3,14,10,16
TG Southee,9,4,3,1,0,1,0,1,2,0,3,0,1,1,3,1,1,8,3,5
TK Curran,0,0,0,0,0,1,0,0,0,1,0,0,0,4,0,0,1,2,3,1
TL Suman,0,0,0,0,0,0,1,0,1,0,0,0,1,0,2,0,1,0,0,0
TM Dilshan,0,0,0,0,0,0,0,0,2,0,1,0,0,1,0,1,0,0,0,0
TM Head,0,0,0,0,0,0,0,0,0,0,0,0,0,0,0,2,0,0,0,0
TP Sudhindra,0,0,0,0,0,0,0,0,1,0,0,0,0,0,0,0,0,0,0,0
TS Mills,0,0,0,1,3,2,0,0,0,0,0,0,0,1,0,0,1,0,1,2
TU Deshpande,2,9,0,2,1,0,0,0,0,0,1,2,0,2,1,4,3,4,6,5
UT Yadav,11,9,12,13,7,6,2,4,3,2,5,4,3,5,6,7,9,11,11,14
Umar Gul,0,0,0,1,0,3,0,0,0,0,0,2,1,0,1,0,0,0,1,3
Umran Malik,0,0,0,0,0,0,2,5,1,6,0,2,2,1,4,2,0,0,0,4
V Kaverappa,0,0,1,0,1,0,0,0,0,0,0,0,0,0,0,0,0,0,0,0
V Kohli,0,0,0,0,0,0,0,0,0,0,0,1,0,2,0,0,0,1,0,0
V Pratap Singh,1,0,1,0,0,1,0,0,0,0,0,1,0,1,0,1,0,1,1,2
V Sehwag,0,0,0,0,0,0,0,0,1,2,0,0,0,0,1,1,0,1,0,0
V Shankar,0,0,0,0,0,0,1,0,1,0,3,1,1,0,0,1,1,0,0,0
V Viyaskanth,0,0,0,0,0,0,0,0,0,0,0,0,0,0,1,0,0,0,0,0
VG Arora,0,6,1,3,2,0,2,0,0,0,0,0,0,0,0,0,3,0,1,1
VR Aaron,1,0,1,2,5,5,4,2,2,1,1,2,1,1,1,3,4,1,3,4
VR Iyer,0,0,0,0,0,0,0,0,0,0,0,0,0,1,0,1,0,0,0,1
VRV Singh,0,0,0,0,0,1,0,1,0,3,0,0,0,0,0,0,0,4,3,0
VS Malik,1,1,1,0,0,1,1,0,0,0,0,0,0,1,0,0,0,0,0,0
VY Mahesh,0,0,0,1,0,3,1,1,1,0,1,0,2,1,0,1,1,2,2,4
Vijaykumar Vyshak,0,0,0,0,0,1,0,1,0,2,0,0,1,1,1,3,0,1,0,2
WA Mota,0,0,0,0,0,0,0,0,0,1,0,0,1,1,0,1,0,0,0,0
WD Parnell,0,4,4,4,2,2,0,0,0,0,0,2,0,0,1,1,2,5,2,5
WG Jacks,1,0,0,0,0,0,0,0,0,0,0,1,0,0,0,0,0,0,0,0
WPUJC Vaas,3,2,6,1,3,0,0,0,0,0,0,0,0,1,0,0,0,1,0,1
Washington Sundar,1,3,0,3,0,5,0,9,2,0,1,2,1,4,1,3,0,1,0,0
Y Nagar,0,0,0,0,0,0,0,0,0,1,0,0,2,0,1,0,0,0,0,0
Y Prithvi Raj,0,0,0,0,0,0,0,0,0,0,0,0,1,0,0,0,0,0,0,0
Y Venugopal Rao,0,0,1,0,0,0,0,0,1,2,0,0,1,0,0,0,1,0,0,0
YA Abdulla,0,0,0,0,5,2,1,0,0,0,0,0,1,0,0,0,1,1,2,2
YK Pathan,1,2,3,3,2,3,1,4,2,2,3,5,3,3,2,0,2,0,0,1
YS Chahal,1,2,2,3,3,6,17,14,13,12,13,12,16,17,15,28,13,11,6,1
Yash Dayal,0,3,2,4,0,3,1,0,0,0,1,0,1,0,1,3,1,5,0,3
Yash Thakur,0,0,0,1,2,4,0,0,0,0,0,1,0,1,3,0,1,6,2,3
Yudhvir Singh,1,0,2,0,0,0,0,0,0,0,0,0,0,0,0,1,0,0,0,0
Yuvraj Singh,0,0,0,0,0,0,2,2,4,2,3,5,4,5,3,0,1,3,2,0
Z Khan,12,6,15,7,10,2,1,2,0,0,0,0,0,1,9,2,11,7,10,7
